 ,,,,,,,,,,,,,,,,,,,,,
,更新情况,,,,,产品,,,前端,,,,后端,,,,测试,,,,更新情况
编号,状态,版本规划,模块,任务描述,备注,人员,需求情况,完成时间,人员,开发状态,开始日期,结束日期,人员,开发状态,开始日期,结束日期,人员,测试进度,开始日期,结束日期,更新时间
1,已发布,9.18版本,落地页自动化,落地页自动部署全流程,"拯救运维及加速投流
十万火急",Jay,文档或原型完成,2025-09-12,Sam,开发完成,2025-09-12,,Owen,开发完成,2025-9-12,,Carey,测试完成,,,2025-09-18
2,已发布,9.18版本,站内信优化,后台【消息管理】【站内信】需要新增个操作人,运营表,Jay,文档或原型完成,2025-09-12,Darrel,开发完成,2025-09-12,,Hyman,开发完成,,,Marina,测试完成,,,2025-09-18
3,已发布,9.18版本,分包转移,这个奖励图片要有显示金额，要求额外加一个按钮显示金额,运营表,Jay,看任务直接做,2025-9-12,Justin,开发完成,2025-9-15,2025-9-15,Gavin,开发完成,,,Carey,测试完成,,,2025-09-18
4,已发布,9.18版本,用户列表优化,"""会员列表需要增加首充时间字段，也要增加一个导出功能，有权限看到手机号的账号导出要带有手机号码，搜索栏要有一个手机号手机号搜索的功能",在首二三充表中修改,Jay,看任务直接做,2025-9-13,Sam,开发完成,,,Owen,开发完成,,,Marina,测试完成,,,2025-9-18
5,已发布,9.18版本,提现-充值订单优化,"""【充值订单】和【提现订单】这个字段搜索要增加一首充会员/首次提现的字段，并且提现要区分三个时间段，申请时间，提交时间，完成时间
，充值的时间段分别为会员的注册时间，创建时间，支付时间",运营表,Jay,文档或原型完成,2025-9-13,Darrel,开发完成,,,harris,开发完成,,,Marina,测试完成,,,2025-9-18
6,已发布,9.25版本,,后台时间读取的是本地时间，印度时间还没到9号，页面的时间范围就显示为9号了。运营要求改成和印度时间一致,,Jay,需求任务已处理,,Sam,开发完成,,,,,,,Marina,测试完成,,,2025-9-24
7,已发布,9.18版本,,卡号和iscf   需要权限可以开放查看全部,,Jay,看任务直接做,,无,,,,Hyman,开发完成,,,Marina,测试完成,,,2025-9-18
8,已发布,9.18版本,充值通道列表,站点反馈充值通道展示出来的数据，少了一些，要求 补充一下成功率加上10分钟、半小时、全天的数据,,Jay,看任务直接做,,Erde,开发完成,,,harris,开发完成,,,Marina,测试完成,,,2025-9-18
9,已发布,10.10版本,工单系统,工单列表这里要求加上导出功能,10.2版本delay,Jay,需求任务已处理,2025-9-22,Justin,开发完成,,,Damon,,,,Carey,测试完成,,,2025-10-12
10,已发布,9.18版本,,目前客户没绑定银行，前台提现页面的可提现余额是 0，运营要求改成：客户没绑定银行卡也要正常显示可提现的余额,,,看任务直接做,,Sam,开发完成,,,,,,,Carey,测试完成,,,2025-9-18
11,暂不处理,,,运营说在提现订单这里查询单号，查询出来的单号和搜索的不一致,翻译问题，暂时没办法,,,,June,,,,,,,,,,,,
12,已发布,9.18版本,仪表盘,运营要求加个可以查看盘内用户总余额的功能,,,文档或原型完成,,Erde,开发完成,,,Hyman,开发完成,,,Carey,,,,2025-9-18
13,已发布,9.18版本,平台报表,"""需求问题：建议在后台新增“游戏返奖率统计”项目，方便查看和分析。",运营,Jay,文档或原型完成,2025-9-15,Erde,开发完成,,,Damon,开发完成,,,Marina,测试完成,,,2025-9-18
14,已发布,9.18版本,,需求问题：活动账变报表增加导出功能,,,,,Sam,开发完成,,,harris,开发完成,,,Marina,测试完成,,,2025-9-18
15,已发布,9.25版本,,需求问题：邀请转盘=》转盘出款审核 增加导出功能,,,需求任务已处理,,Sam,,,,Len,开发完成,,,Carey,测试完成,,,2025-9-24
16,暂不处理,,,需求问题：视频教程，增加进度条，方便会员操作回放,,,暂不修改,,,,,,,,,,,,,,
17,暂不处理,,, 运营要求在用户详情增加查询按钮可以点击刷新最新的详情。,移动到标签右键刷新当前,,暂不修改,,Seven,,,,,,,,,,,,
18,已发布,9.18版本,,RA9 渠道来源在会员列表可以看到在详情里面没有显示,官方official等,,看任务直接做,,,,,,Damon,开发完成,,,Marina,测试完成,,,2025-9-18
19,已发布,快速迭代,,需求： RA9-运营要求当邀请转盘满足提现金额时，增加提现弹窗提醒,,Porter,需求任务已处理,2025-10-27,Seven,开发完成,,,Owen,开发完成,,,vivi,测试完成,,,2025-11-7
20,已发布,9.18版本,邀请转盘审核,运营要求：在邀请转盘出款审核页面，添加点击会员id可以查看用户详情的功能，下级id也要添加,,,看任务直接做,2025-9-12,Seven,开发完成,,,,,,,Carey,测试完成,,,2025-9-18
21,已发布,9.18版本,邀请转盘审核,运营要求在后台右上角消息提醒这里加一个转盘待审核笔数,,,看任务直接做,2025-9-13,Seven,开发完成,,,Len,开发完成,,,Carey,测试完成,,,2025-9-18
22,已发布,9.18版本,邀请转盘数据统计,需求：RA9-运营要求更改邀请转盘邀请成功率的计算方式,运营,,看任务直接做,2025-9-12,,,,,Owen,开发完成,,,Carey,,,,2025-9-18
23,暂不处理,,,运营要求在【会员列表】这里加上可以搜索设备类型的功能,,,暂不修改,,Darrel,,,,,,,,Marina,,,,
24,已发布,9.18版本,,运营要求在【邀请转盘审核面板】注册IP、 设备 、浏览器指纹  ，增加一下（N）展示同IP 、 同设备 、同浏览器指纹的会员id数量，可以点击查看详情,,,看任务直接做,2025-9-12,Erde,开发完成,,,Len,开发完成,,,Carey,,,,2025-9-18
25,已发布,,,邀请转盘审核面板的下级，对应的设备信息都不显示，需要技术排查处理,BUG早已修复,,暂不修改,,Seven,,,,,,,,Carey,,,,2025-9-10
26,已发布,9.18版本,,消息管理中的定制化弹窗，这个弹窗，每天只弹一次的功能还是没有生效，运营要求加急让技术处理一下,,Jay,看任务直接做,2025-9-12,Justin,,,,Hyman,开发完成,,,Carey,测试完成,,,2025-9-18
27,已发布,9.18版本,,平台SaaS-RA9-平台净盈利与平台净入款数据完全一致，疑似存在统计错误  ,数据一致性,Jay,看任务直接做,2025-9-12,,,,,,,,,Marina,测试完成,,,2025-9-18
28,已发布,9.25版本,新增功能,新增经济系统日报的功能，可以清楚的查看各项彩金的分布：字段可以根据一下表格字段进行，，每天一横的排列过去，然后参与的人数可以直接点击下载导出具体领取人的详情名单,运营,Jay,需求任务已处理,2025-9-16,Sam,,,,harris,开发完成,,,Carey,测试完成,,,2025-9-24
29,已发布,9.18版本,首充分析优化,"天数要增加1-2-3-4-5-6-7-10-15-20-25-30-60-90-120-180复充人数跟比例字段，并且要能多选汇总，这个之前需求会议有重点进行沟通，不清楚的可以再次沟通确认
新增一个当天首充未复充的字段，并且需要可以下载出来名单",运营,Jay,文档或原型完成,2025-9-12,Sam,开发完成,,,Owen,开发完成,,,Marina,测试完成,,,2025-9-18
30,已发布,9.25版本,平台报表每日汇总优化,新增盘内总余额的数据字段跟新增充值转化率字段，（当日新增首充人数/当天新增注册会员）,,,需求任务已处理,2025-9-16,June,开发完成,2025-9-18,2025-9-18,Owen,,,,Carey,测试完成,,,2025-9-24
31,已发布,9.18版本,特邀彩金优化,"""这个特邀彩金奖励图片要有显示金额，要求额外加一个按钮显示金额",运营,,看任务直接做,2025-9-12,Justin,开发完成,2025-9-15,2025-9-15,Damon,开发完成,,,Carey,测试完成,,,2025-9-18
32,已发布,9.18版本,数据总览跟分包总览优化,增加一项提款人数的字段-加在提款金额前面,运营,Jay,看任务直接做,2025-9-12,June,开发完成,2025-9-15,2025-9-15,Owen,开发完成,,,Marina,测试完成,,,2025-9-18
33,已发布,9.18版本,充值转盘设置,完成二、三充才生效充值转盘，二、三充各自一个开关。实际效果和原来首充逻辑一致,运营,,文档或原型完成,,Seven,开发完成,,,Len,开发完成,,,Carey,,,,2025-9-18
34,已发布,9.25版本,一级、二级、弹窗、活动页面配置优化,需要增加标分组自动识别二充、三充的的会员，弹窗相对应标签分组的活动内容,运营,Jay,需求任务已处理,2025-9-12,Darrel,开发完成,,,Owen,开发完成,,,Carey,测试完成,,,2025-9-24
35,已发布,9.18版本,留存率报表优化,"所有基数全部都按照登录为基础，留存类别区分为:新增留存-活跃留存-投注留存-首充留存-老用户付费留存
时间基数分为：次日留存(%)-3日留存(%)-5日留存(%)-7日留存(%)-10日留存(%)-15日留存(%)-30日留存(%)60日留存(%)-90日留存(%)-120日留存(%)-180日留存(%)",运营,,文档或原型完成,2025-9-16,June,开发完成,2025-9-16,2025-9-16,Owen,开发完成,,,Marina,测试完成,,,2025-9-18
36,已发布,10.23版本,充提通道报表优化,分别区分出每天唤醒-原生-扫码充值金额的占比，跟成功率，,运营,Porter,需求任务已处理,2025-10-11,June,开发完成,,,nick,,2025-10-15,2025-10-18,Carey,系统测试,,,2025-10-22
37,暂不处理,,渠道充值分类报表,"新增一个报表，可以直观看出每天总的充值金额分别由哪几个大类充值金额的，几个大类分别占总充值金额多
大类区分为：官网-代理-转盘-FB落地-谷歌包",运营,,暂不修改,,June,,,,,,,,,,,,
38,已发布,9.18版本,站内信优化,站内信新增一个修改的功能，在还没有发送出去的时候可以在进行修改，修改没问题后再确认发送,运营,,需求任务已处理,,Darrel,开发完成,2025-9-17,2025-9-17,Hyman,开发完成,,,Marina,测试完成,,,2025-9-18
39,已发布,9.18版本,钱包项目对接,接入ARUPI,正式投放需要,Jay,需求任务已处理,,Justin,开发完成,,,Len,开发完成,,,Michael,测试准备中,,,2025-9-18
40,已发布,9.18版本,三方埋点,"服务器事件更换，配合投流效果表格
FB首充事件调整为：Subscribe
Adjust首充事件调整为：Subscription Purchase",正式投放需要,Jay,需求任务已处理,2025-9-12,,,,,Damon,开发完成,,,Michael,测试完成,,,2025-9-18
41,已发布,,首充限制,通过IP，指纹，设备进行限制充值商品奖励只能获得一次,严控首充,Jay,需求任务已处理,2025-9-12,Justin,开发完成,2025-9-13,2025-9-13,Hyman,开发完成,2025-9-13,2025-9-13,Marina,测试完成,2025-9-13,2025-9-13,2025-9-13
42,暂不处理,,邀请转盘数据统计,不同数值的邀请转盘，统计数据都要区分开。例如200、500、总和各一份。,"运营
活动都放弃分开了
暂时不用",Jay,,,,,,,,,,,Carey,,,,
43,已发布,9.18版本,邀请转盘,邀请转盘前端界面，中奖记录显示被邀请人，让会员心里清楚，由于邀请到了谁 给他加了钱。参考如图,运营,Jay,需求任务已处理,,无,,,,Owen,开发完成,,,Carey,测试完成,,,2025-9-18
44,已发布,9.18版本,,平台SaaS-RA9-用户流失分析导出数据与后台记录不一致,,Jay,需求任务已处理,,Sam,,,,,,,,Marina,测试完成,,,2025-9-18
45,已发布,,,平台SaaS-RA9-会员转盘轮次显示异常,,Jay,需求任务已处理,,,,,,,,,,Carey,测试完成,,,2025-9-25
46,暂不处理,,,162588 在2025/9/12 12:30:32 的时候已经拉黑到禁止提现黑名单了，但是9/12 13:50之后还在提现，要求排查一下原因,添加的时候没有添加提现账号,,暂不修改,,,,,,,,,,,,,,
47,已发布,9.18版本,,BUG:RA9后台提现订单导出的数据与后台显示的时间不一致,,,看任务直接做,,Erde,开发完成,,,,,,,Marina,测试完成,,,2025-9-18
48,暂不处理,,,运营反馈前台点击加载的反应速度慢，要求把特效全部去掉再试试看,,,,,Erde,开发完成,,,,,,,Michael,测试准备中,,,
49,已发布,9.25版本,,导出功能完整调整,开发优化,,需求任务已处理,,Sam,,,,"Owen, Damon, Hyman, Len, harris",开发完成,,,Marina,测试完成,,,2025-9-24
50,已发布,9.18版本,,右上角三方待入款通知移除,,Jay,看任务直接做,2025-9-13,Erde,开发完成,,,,-,,,Marina,测试完成,,,2025-9-18
51,已发布,9.18版本,,Firebase发送时间异常修复,,Jay,看任务直接做,2025-9-13,Darrel,开发完成,,,,,,,Marina,测试完成,,,2025-9-18
52,已发布,9.25版本,,反向优惠需要在界面上显示,UI已完成,Jay,需求任务已处理,2025-9-8,Justin,开发完成,,,Hyman,开发完成,,,Marina,测试完成,,,2025-9-24
53,已发布,快速迭代,,运营要求在仪表盘这个时间维度数据统计，新增一个充值人数的选项,,Jay,需求任务已处理,2025-10-24,Peggy,,,,Gavin,开发完成,,,Marina,测试完成,,,2025-10-25
54,已发布,9.18版本,,RA9后台三级代理配置，配置了邀请下级充值100并投注100，上级获得50、下级获得10的奖励。但是ID upline : 158606  ID downline : 181058 ，这两个账号没有收到对应奖励，需要技术排查看下,,,,,,,,,Len,开发完成,,,Michael,测试完成,,,2025-9-18
55,已发布,9.25版本,提现功能,需求问题：取款手续费按整数扣除规则,,,,,,,,,,,,,Carey,测试完成,,,2025-9-24
56,已发布,,,"报表管理-（有效投注）游戏管理-（有效投注）投注金额与有效投注金额数据都对不上是以哪个数据为准。
要以哪个页面的有效投注为准？ ",统计问题,,,,,,,,,,,,,,,,2025-9-24
57,已发布,9.18版本,BUG修复,平台SaaS-6002-首页导航菜单点击后没有滑动到对应的游戏,,Jay,看任务直接做,,Sam,,,,,,,,Michael,,,,2025-9-18
58,已发布,9.18版本,,需求:RA9-运营希望将Telegram通道预警消息代收代付分别整合成一条不进行分页,,,,,不需要前端,,,,,,,,,,,,2025-9-18
59,已发布,快速迭代,,需求:RA9-运营反馈前台绑定用户钱包信息的真实姓名可以帮忙改成纯英文字母吗？运营说需要和老平台一样的限制，帮忙看下,前台姓名限制纯英文输入,Jay,需求任务已处理,2025-10-24,Erde,,,,Owen,,,,Marina,测试完成,,,2025-10-25
60,已发布,9.25版本,,需求： 目前页面最大是50/页 运营要求增加最大500或1000,,,,,Seven,开发完成,,,,,,,Carey,测试完成,,,2025-9-24
61,已发布,9.18版本,,ra9 需求 充值订单和提款订单中所有功能的id都可以点击跳转到用户详情。,,Jay,看任务直接做,2025-9-17,Erde,开发完成,,,,,,,Marina,测试完成,,,2025-9-18
62,已发布,9.25版本,,ra9 需求，运营要求提款审核页面的银行详情展示到列表中（目前是需要点击详情进入查看）,,,,,Sam,,,,,,,,Carey,测试完成,,,2025-9-24
63,已发布,9.18版本,转盘调整需求,邀请转盘增加隐藏设计，第一次邀请次数旋转的中奖概率按照配置值的1%生效,,Jay,看任务直接做,2025-9-16,Seven,,,,Gavin,开发完成,,,Carey,,,,2025-9-18
64,已发布,9.25版本,, facebook像素ID的Access Token内容缩略,,Jay,需求任务已处理,2025-9-17,Darrel,开发完成,,,,,,,Michael,,,,2025-9-24
65,已发布,10.2版本,,后台增加多语言配置,完成英文机翻一版,,需求任务已处理,,Erde,,,,,,,,"Carey, Marina",系统测试,,,2025-10-3
66,已发布,9.25版本,,机器人充值通道播报继续调整格式,,,需求任务已处理,,,,,,Owen,,,,,,,,2025-9-20
67,已发布,9.25版本,,ARUPI调整,,,需求任务已处理,,Justin,开发完成,,,Len,开发完成,,,Michael,,,,2025-9-24
68,已发布,9.25版本,,充值礼包修复,,,需求任务已处理,,Justin,开发完成,,,Owen,开发完成,,,Marina,测试完成,,,2025-9-24
69,已发布,快速迭代,,提现和邀请转盘自动审核规则，要根据渠道设置不同的条件,运营,Porter,需求任务已处理,2025-10-24,Justin,开发完成,,,Owen,开发完成,,,Marina,测试完成,,,2025-11-1
70,已发布,9.25版本,,后台上传PNG转WEBP,,,需求任务已处理,,Justin,开发完成,,,,,,,Carey,测试完成,,,2025-9-20
71,已发布,9.25版本,,AR9需求问题：充值类型排序问题-PhonePe无法设置为第二位l,,,需求任务已处理,,,,,,Hyman,开发完成,,,Marina,测试完成,,,2025-9-24
72,已发布,10.23版本,,"目前谷歌推送不能稳定跳转到指定页面，要尽快解决
推送页面需要加两栏数据：点击数量和点击率。",,Jay,需求任务已处理,,June,,,,Gavin,-,2025-10-15,2025-10-18,Michael,系统测试,,,2025-10-22
73,已发布,10.23版本,,邀请转盘审核增加渠道来源查询条件,,Jay,需求任务已处理,2025-9-17,atman,开发完成,,,andy,,2025-10-15,2025-10-16,Marina,测试完成,,,2025-10-22
74,已发布,10.2版本,,用户流失分析查询条件调整,,,需求任务已处理,,atman,,,,Hyman,开发完成,,,Marina,测试完成,,,2025-10-3
75,已发布,9.25版本,,首充分析两个无复充的百分比添加以及下载,,,需求任务已处理,,Sam,,,,Owen,,,,Marina,系统测试,,,2025-9-24
76,已发布,快速迭代,新增功能,新增一个未首存统计的功能，这个区分为两项，一项是当天注册当天未充值-未2充-未3充，一项是当天登录未首存-未2充-未3充，10分钟或者半小时更新一次，需要可直接下载名单的功能，更新的时候如果之前的会员充值的要自动剔除掉未首存的名单内,运营,Jay,需求任务已处理,2025-10-24,atman,开发完成,,,Damon,,,,Michael,测试完成,,,2025-11-7
77,已发布,9.25版本,,首二三充，首二三提，首充分析等带手机号码导出的数据需要增加渠道来源列，并且首充分析要的是手机号码，不是账号（要么就是非手机号的账号不要展示内容，留空）,运营,,需求任务已处理,2025-9-22,,,,,Owen,开发完成,,,Marina,测试完成,,,2025-9-24
78,已发布,9.25版本,,运营要求把充值推送成功率里面的订单数、成功数、成功金额也改成10分钟的，现在是只有成功率才是十分钟的，导致显示的成功率看起来像不正确,,,需求任务已处理,2025-9-22,,,,,Owen,开发完成,,,Marina,测试完成,,,2025-9-24
79,已发布,9.25版本,,Y1版面注册绑定国家区号需要调整为读取后台配置,加加加急,,需求任务已处理,2025-9-23,Justin,开发完成,,,,,,,Marina,测试完成,,,2025-9-24
80,已发布,9.25版本,,返回按钮跳转调整,加加加急,,需求任务已处理,2025-9-23,Justin,开发完成,,,,,,,Carey,测试完成,,,2025-9-24
81,已发布,10.2版本,,运营要求后台游戏名称搜索的功能加速优化，现在必须要大小写完全一致才能搜索，很不方便,,,,,atman,,,,Hyman,开发完成,,,Marina,测试完成,,,2025-10-3
82,已发布,10.2版本,,独立注册页面读取后台图片配置,国家区号也是,,需求任务已处理,2025-9-24,atman,,,,Hyman,开发完成,,,Marina,测试完成,,,2025-10-3
83,已发布,9.25版本,,弹窗和侧边栏MENU弹出速度加快,,,需求任务已处理,2025-9-24,,,,,,,,,Carey,测试完成,,,2025-9-24
84,已发布,9.25版本,,前端KV获取数据更换为接口请求,,,,,Seven,,,,,,,,Michael,测试完成,,,2025-9-24
85,已发布,10.2版本,,提现发起金额和手续费字段进行汇总统计,,,需求任务已处理,2025-9-23,atman,,,,Hyman,开发完成,,,Marina,测试完成,,,2025-10-3
86,已发布,快速迭代,首页漂浮,1. 首页增加小浮窗（可放代理、频道、优惠活动入口、VIP），参考EK7。,运营,Porter,需求任务已处理,2025-10-25,atman,开发完成,,,andy,开发完成,,,Marina,测试完成,,,2025-11-7
87,已发布,,APP打开的加载页,改成简单的，放品牌RA9的LOGO+Loading...的图,运营,,,,,,,,,,,,Carey,,,,2025-10-15
88,已发布,10.2版本,,自动出款按钮关闭时不隐藏下面的内容,,,需求任务已处理,2025-9-25,Justin,开发完成,,,,,,,Marina,测试完成,,,2025-10-3
89,暂不处理,10.2版本,APK,原生包制作及纳入自动打包流程,是否能加加班一周搞定,Jay,需求任务已处理,2025-9-25,"June, Seven",开发完成,2025-9-25,2025-9-30,Owen,开发完成,,,"Michael, Carey",系统测试,,,
90,暂不处理,10.2版本,APK,原生包热更功能,是否能加加班一周搞定,Jay,需求任务已处理,2025-9-25,"June, Erde",开发完成,2025-9-25,2025-9-30,Owen,开发完成,,,"Michael, Carey",系统测试,,,
91,已发布,10.23版本,,会员提现绑定-银行卡信息页面增加查询条件,,Jay,需求任务已处理,2025-9-25,atman,开发完成,,,andy,,2025-10-15,2025-10-16,Marina,测试完成,,,2025-10-22
92,已发布,10.2版本,,游戏投注订单：导出需求含投注金额、投注类型和投注内容。,,,需求任务已处理,,,,,,Hyman,开发完成,,,Marina,测试完成,,,2025-10-3
93,已发布,10.2版本,,需求：运营想要在游戏投注订单页面增加一个类型筛选,增加多选,,需求任务已处理,,,,,,Hyman,开发完成,,,Marina,测试完成,,,2025-10-3
94,已发布,10.2版本,,充值礼包-回归礼包天数计算调整,,,需求任务已处理,,,,2025-9-25,,Owen,开发完成,,,Marina,测试完成,,,2025-10-3
95,已发布,10.2版本,ARPAY,ARupi需求调整下收银台UI,,,需求任务已处理,2025-9-29,Justin,开发完成,,,,,,,Michael,,,,2025-10-3
96,已发布,10.23版本,,充值通道-最后更新时间-需要日期和时间中间有间隔,,Jay,需求任务已处理,2025-9-25,atman,开发完成,,,andy,,2025-10-15,2025-10-16,Marina,测试完成,,,2025-10-22
97,已发布,快速迭代,,需求：RA9 运营要求转盘已成功邀请轮数显示 实际的次数。,,Jay,需求任务已处理,2025-10-23,atman,开发完成,,,Len,开发完成,,,Carey,测试完成,,,2025-10-28
98,已发布,10.10版本,,需求：运营要求调整充值/提现推送机器人,,Jay,需求任务已处理,,,,,,Owen,,,,Marina,测试完成,,,2025-10-12
99,暂不处理,等日志定位到后修改,,运营反馈工单存款未到账自动化的订单超时卡在系统处理中，没有转到待处理,加了日志,Jay,需求任务已处理,,,,,,Damon,,,,Marina,,,,
100,暂不处理,,,需求：运营需要在后台添加一个批量关闭投注返佣的功能,,,暂不修改,,,,,,,,,,,,,,
101,已发布,10.2版本,,运营反馈前台登录点击忘记密码没有反应，麻烦帮忙看下,,,需求任务已处理,,Justin,,,,,,,,Marina,测试完成,,,2025-10-3
102,暂不处理,,,"站点：6002-bdwin24-孟加拉对接群 
站点要求在 会员列表--会员详情--钱包信息 中加入可以删除钱包的  删除功能",,,暂不修改,,,,,,,,,,Marina,,,,
103,已发布,10.10版本,,USDT设定绑定0，前端表现调整,,Jay,需求任务已处理,,Erde,,,,Owen,,,,Marina,测试完成,,,2025-10-12
104,已发布,10.2版本,,运营在工单系统-首页配置列表里面上传图片，提示数据库异常，需要技术看下是什么原因,,,需求任务已处理,,,,,,Damon,,,,Marina,测试完成,,,2025-10-3
105,暂不处理,,,运营反馈每天都会掉线，这里的token过期时间不是调整到30天了吗,,,,,,,,,,,,,,,,,
106,暂不处理,,,"运营要求将工单输入框默认的文字改成：
Enter error/bug details — more info = higher bonus (99–999 via Inbox).",,,,,,,,,,,,,Marina,,,,
107,已发布,10.10版本,,运营希望后台-通用消息-定制版面轮播图的跳转类型新增 跳转工单的指定页面 ,,Jay,需求任务已处理,,atman,,,,Hyman,开发完成,,,Carey,测试完成,,,2025-10-12
108,已发布,10.2版本,,工单系统上传视频文件限制放开到50M,,,需求任务已处理,,Justin,,,,Damon,,,,Carey,测试完成,,,2025-10-3
109,已发布,10.10版本,,"需求：运营想要将“投注类型”和“投注内容”修改成老后台一样的显示,麻烦帮忙看下",,Jay,需求任务已处理,,June,开发完成,2025-10-8,2025-10-8,,-,,,Michael,测试完成,,,2025-10-12
110,已发布,10.10版本,,落地页推广增加PWA包及埋点,,Jay,需求任务已处理,,"Erde, atman",,,,Owen,联调,,,Michael,,,,2025-10-12
111,已发布,快速迭代,,H5端登陆增加强制下载功能,,Jay,需求任务已处理,2025-11-20,Erde,开发完成,,,Owen,开发完成,,,Carey,测试完成,,,2025-12-11
112,已发布,10.10版本,,下载按钮逻辑调整,,Jay,需求任务已处理,,"Erde, atman",,,,Owen,,,,Marina,测试完成,,,2025-10-12
113,已发布,10.10版本,,游戏厂商管理及子游戏管理排序,,Jay,需求任务已处理,,,,,,Hyman,开发完成,,,Marina,测试完成,,,2025-10-12
114,已发布,10.10版本,,邀请成功奖金&被邀请人奖金派发时增加账变记录的备注信息,,Jay,需求任务已处理,,,,,,Len,开发完成,,,Carey,测试完成,,,2025-10-12
115,暂不处理,,,需求：运营想要在后台【风控管理】【黑名单会员】新增批量解冻会员的功能,目前有一种复选的批量解冻,Jay,,,,,,,,,,,,,,,
116,已发布,,,运营反馈 使用arupi支付 跳转app的时候会提示 访问过于频繁请稍后重试。  运营要求排查 是不是代码上有冲突导致的， 是不是我们这边的问题。,,,,,,,,,,,,,Michael,,,,2025-10-6
117,已发布,10.10版本,,RA9首页新版面,,Jay,需求任务已处理,2025-10-7,Erde,开发完成,,,,,,,"Carey, Marina",测试完成,,,2025-10-12
118,已发布,10.10版本,,充提设置增加充值页广告图配置,,Jay,需求任务已处理,2025-10-7,,,,,Hyman,开发完成,,,Marina,测试完成,,,2025-10-12
119,已发布,10.23版本,,商品模式下新增每次充值后默认快捷金额显示配置,,Jay,需求任务已处理,2025-10-8,atman,开发完成,,,Damon,开发完成,2025-10-15,2025-10-16,Marina,测试完成,,,2025-10-22
120,已发布,10.23版本,,【充值通道报表】新增【三方充提通道（小时级）】,,Porter,需求任务已处理,2025-10-10,alex,开发完成,,,nick,,2025-10-15,2025-10-18,Michael,系统测试,,,2025-10-22
121,已发布,10.23版本,,新增【充提通道权重变更记录】,,Porter,需求任务已处理,2025-10-10,atman,开发完成,,,andy,,2025-10-16,2025-10-17,Marina,测试完成,,,2025-10-22
122,已发布,10.23版本,,【财务管理】新增【财务数据统计】菜单，新增【充提订单统计】页面,,Porter,需求任务已处理,2025-10-10,,,,,aaron,,2025-10-15,2025-10-18,Michael,系统测试,,,2025-10-22
123,已发布,10.23版本,,页面迁移【充提通道报表】,,Porter,需求任务已处理,2025-10-10,,,,,Len,开发完成,2025-10-15,2025-10-16,Carey,系统测试,,,2025-10-22
124,已发布,10.23版本,,新增会员活动黑名单功能,,Jay,需求任务已处理,2025-10-10,atman,开发完成,,,Owen,开发完成,2025-10-15,2025-10-18,"Carey, Marina",测试完成,,,2025-10-22
125,已发布,10.23版本,,充提通道报表统计调整,,Porter,需求任务已处理,2025-10-10,,,,,Len,开发完成,2025-10-15,2025-10-16,Carey,系统测试,,,2025-10-22
126,已发布,10.23版本,,提现订单增加多次三方代付记录,,Jay,需求任务已处理,2025-10-11,atman,开发完成,,,Damon,开发完成,2025-10-16,2025-10-17,Marina,测试完成,,,2025-10-22
127,已发布,紧急,,ARUPI的phonepe交互调整,,Jay,需求任务已处理,2025-10-12,,,,,,,,,Michael,,,,2025-10-15
128,已发布,紧急,,下载按钮逻辑支持已安装PWA都要优先打开PWA,,Jay,需求任务已处理,2025-10-14,,,,,,,,,Michael,,,,2025-10-15
129,已发布,,,完整版新版面,,Jay,需求任务已处理,2025-10-14,,,,,Damon,,,,"Carey, Marina, vivi, Michael",测试完成,,,2025-11-28
130,已发布,快速迭代,LTV统计报表,添加LTV数据统计，以首充用户和新增用户为基数分为2类，需要可以查看全盘数据或单渠道数据。,运营,Jay,需求任务已处理,2025-10-18,Darrel,开发完成,,,Owen,开发完成,,,Marina,测试完成,,,2025-11-1
131,已发布,,,运营反馈 使用arupi支付 跳转app的时候会提示 访问过于频繁请稍后重试。  运营要求排查 是不是代码上有冲突导致的， 是不是我们这边的问题。,,,,,,,,,,,,,,,,,2025-10-15
132,暂不处理,,,"会员id：297239
会员说，当他们打开游戏时，游戏显示加载，但无法打开，并直接返回主页面。麻烦帮忙看下",,,需开发排查,,,,,,,,,,,,,,
133,已发布,快速迭代,,需求：运营想要在后台充值转盘-【转盘奖励记录】【转盘次数发放记录】这两个页面添加导出功能,,Jay,需求任务已处理,2025-10-18,Seven,,,,Damon,,,,Carey,测试完成,,,2025-10-25
134,已发布,,,运营反馈同样的环境，访问a45.com明显比ra9快很多，需要帮忙看下如何优化,,,需开发排查,,,,,,,,,,,,,,2025-11-15
135,暂不处理,,,运营反馈：首充活动跟二充活动都是强制性参加的，但是领取活动奖励人数与实际人数相差过大,,,,,,,,,,,,,Marina,,,,
136,暂不处理,,,经济系统日报界面需要优化，内容比较多，空的地方太多了导致很难操作，滑条都看不到,,Jay,,,,,,,,,,,Marina,,,,
137,已发布,快速迭代,,后台多语言后端字典等枚举翻译支持,,Jay,需求任务已处理,2025-10-14,atman,开发完成,,,Gavin,开发完成,,,"Marina, Carey, vivi",测试完成,,,2025-11-26
138,已发布,快速迭代,,新增活动，亏损救援金，可以参考888i.fun的这个活动,运营,Porter,需求任务已处理,2025-11-18,atman,开发完成,,,Owen,,,,Michael,测试完成,,,2025-12-11
139,已发布,紧急,,TOM版本新套壳包,,,,,,,,,,,,,"Marina, Carey, Michael",测试完成,,,2025-10-15
140,已发布,紧急,,注册页面SEO图片替换,运营,Jay,需求任务已处理,2025-10-14,,,,,,,,,Marina,,,,2025-10-16
141,已发布,快速迭代,,落地页管理预览及APP用落地页项目仿商城样式同步修改,,Jay,需求任务已处理,2025-10-14,atman,开发完成,,,不需要,,,,"Carey, vivi",测试完成,,,2025-10-28
142,已发布,快速迭代,,落地页配置代投组等下拉增加搜索,运营,Jay,需求任务已处理,2025-10-15,atman,开发完成,,,不需要,,,,vivi,测试完成,,,2025-10-25
143,已发布,快速迭代,,落地页设置批量生成和配置,运营,Jay,需求任务已处理,2025-12-17,Erde,开发完成,,,Owen,开发完成,,,Carey,测试完成,,,2025-12-22
144,已发布,,,APK防报毒处理,运营,,,,,,,,,,,,,,,,
145,已发布,快速迭代,,给代投挑选样式的预览链接处理,运营,Jay,需求任务已处理,2025-10-15,atman,开发完成,,,Owen,开发完成,,,"Carey, vivi",测试完成,,,2025-10-28
146,已发布,快速迭代,,三方埋点编辑后自动触发打包,运营,Jay,需求任务已处理,2025-10-15,不需要前端,,,,Owen,开发完成,,,Michael,测试完成,,,2025-10-25
147,已发布,,,FB广告数据问题调整修改备案,,,,,,,,,,,,,,,,,2025-10-16
148,已发布,10.23版本,,修复轮播图预览异常,10.16发现提出,Jay,需求任务已处理,2025-10-16,Darrel,开发完成,2025-10-16,2025-10-16,,,,,Marina,,,,2025-10-22
149,已发布,快速迭代,,三级代理模式投注返佣比例增加游戏大类区分配置,10.16提出，正常排,Jay,需求任务已处理,2025-10-25,Erde,开发完成,,,Len,开发完成,,,Michael,测试完成,,,2025-11-7
150,已发布,10.23版本,,会员排行榜，代理排行榜增加会员作弊添加流水,10.16提出，期望尽快落实（一周左右）,Jay,需求任务已处理,2025-10-17,atman,,,,Len,开发完成,,,"Carey, Marina",,,,2025-10-22
151,暂不处理,,,运营要求后台-消息管理-定制化弹窗 这里的弹窗频率“每次登陆”修改成“每次打开”时弹窗,待需求175效果,Jay,需求处理中,,,,,,,,,,Carey,-,,,
152,已发布,快速迭代,,新增AR钱包提现,期望尽快,Porter,需求任务已处理,2025-10-23,Erde,开发完成,,,Len,开发完成,,,Michael,测试完成,,,2025-10-30
153,已发布,,,修改移除arupi中Phonepe唤醒时候的倒计时弹窗,尽快改,,,,Erde,,,,,,,,Michael,,,,
154,已发布,快速迭代,,洗码功能调整并增加到VIP功能中去调节,10.16提出，正常排,Jay,需求任务已处理,2025-10-21,Darrel,开发完成,,,Len,开发完成,,,vivi,测试完成,,,2025-10-22
155,已发布,,,后台计算登陆的方式调整,影响数据统计了。。。,Jay,需求任务已处理,2025-10-17,,,,,Owen,,,,Michael,,,,2025-10-17
156,已发布,紧急,,调整注册完成事件为服务端事件,10.17提出，需要及时完成，确保投放统计，改完验收后加量,Jay,需求任务已处理,2025-10-18,,,,,Damon,,,,Michael,,,,2025-10-18
157,已发布,10.23版本,,弹窗强弹的修改及部分调整（快速上线部分）,10.17提出，期望加急,Jay,需求任务已处理,2025-10-20,Seven,开发完成,,,,,,,Marina,测试完成,,,2025-10-22
158,已发布,快速迭代,,红包雨活动,10.17提出，正常排,Porter,需求任务已处理,2025-11-01,"Alex, Seven",开发完成,,,Len,开发完成,,,Marina,测试完成,,,2025-12-25
159,已发布,10.23版本,,JILI游戏在H5&PWA全屏的时候需要有返回,,Jay,需求任务已处理,2025-10-14,,,,,,,,,Michael,,,,2025-10-22
160,已发布,10.23版本,, y1新版面首页的游戏区域应该是两栏布局，左边的滑动不能影响右边的，反之同理 ,,Jay,需求任务已处理,2025-10-20,Erde,,,,,,,,"Carey, Marina",测试完成,,,2025-10-22
161,已发布,10.23版本,,Promotion&工单首页的返回按钮作用调整为返回首页而不是上一个路由,,Jay,需求任务已处理,2025-10-20,Erde,-,,,,,,,Marina,测试完成,,,2025-10-22
162,已发布,10.23版本,,累充转盘图标更换,,Jay,需求任务已处理,2025-10-20,Seven,开发完成,,,,,,,Marina,测试完成,,,2025-10-22
163,已发布,10.23版本,,"6001-RA9-印度 维护群
提现锁定
提现金额与总次数查询框内引导文字顺序反了，需要调换一下。",,Jay,需求任务已处理,2025-10-21,atman,,,,,,,,Marina,测试完成,,,2025-10-22
164,已发布,快速迭代,,"6001-RA9-印度 维护群
 出款详情：帮忙加上 IFSC",,Porter,需求任务已处理,2025-10-23,Darrel,开发完成,,,不需要,,,,Marina,测试完成,,,2025-10-28
165,已发布,快速迭代,,6001-RA9-印度 维护群  提现出款--添加一项（加下客户绑定的银行信息， 方便出款的时候核对检查 IFSC）,,Porter,需求任务已处理,2025-10-23,Darrel,开发完成,,,不需要,,,,Marina,测试完成,,,2025-10-28
166,已发布,10.23版本,,"提现订单：是否首提， 如果 是的话 这个 ""是"" 能不能标红明显一些",,Jay,需求任务已处理,2025-10-21,atman,,,,,,,,Marina,测试完成,,,2025-10-22
167,已发布,10.23版本,,提现锁定 :提现总次数 如果是 0的话 也麻烦帮忙标红 让明显一些,,Jay,需求任务已处理,2025-10-21,atman,,,,,,,,Marina,测试完成,,,2025-10-22
168,已发布,快速迭代,,幸运加倍礼金活动,,Jay,需求任务已处理,2025-11-24,"Justin, Darrel",开发完成,,,"Gavin, vance, alan",开发完成,,,Marina,测试完成,,,2025-12-25
169,已发布,快速迭代,,提现超时赔付活动,正常排,Porter,需求任务已处理,2025-11-12,Justin,开发完成,,,Damon,开发完成,,,Carey,测试完成,,,2025-12-11
170,已发布,快速迭代,,进入厂商后的二级页面调整,,Jay,需求任务已处理,2025-11-06,Alex,,,,,,,,Marina,测试完成,,,2025-11-15
171,已发布,快速迭代,,6001-RA9-印度--需求：会员列表新增邀请码搜索功能,,Jay,需求任务已处理,2025-10-21,Darrel,开发完成,,,Len,开发完成,,,Marina,测试完成,,,2025-10-28
172,暂不处理,,,"6001-RA9-印度 维护群 运营需求活动报表，需要把每一个活动彩金细分出来统计,回归福利、回归礼包、惊喜礼包,所有每一项彩金，独立统计",,Jay,,,,,,,,,,,Marina,,,,
173,暂不处理,,,6001-RA9-印度 维护群 经济系统日报里面也是，每一项彩金都需要独立出来，比如这里的充值礼包是分为回归礼包和惊喜礼包2种的,,Jay,,,,,,,,,,,Carey,,,,
174,暂不处理,,,礼包页面可新增“可领取彩金中心”模块,活动中心合并了,Jay,,,,,,,,,,,Carey,,,,
175,暂不处理,,,调整登陆时机变的更加符合用户实际场景,,,,,,,,,,,,,Michael,,,,
176,已发布,快速迭代,,充值页面图片展示需要根据充值次数配置化,,Jay,需求任务已处理,2025-11-01,Justin,开发完成,,,Owen,开发完成,,,Marina,测试完成,,,2025-11-07
177,已发布,10.23版本,,修复游戏报表RTP小数点后两位异常都是.00,,Jay,需求任务已处理,2025-10-21,,,,,Damon,,,,Marina,测试完成,,,2025-10-22
178,已发布,快速迭代,,充值礼包中礼包金额为0的前端表现调整,,Jay,需求任务已处理,2025-10-22,Erde,开发完成,,,Owen,开发完成,,,Marina,测试完成,,,2025-10-28
179,已发布,10.23版本,,ARUPI成功率提升支持-订单继续支付逻辑变更,,Jay,需求任务已处理,2025-10-21,,,,,Len,,,,Michael,,,,2025-10-22
180,暂不处理,,,工单列表导出，导出工单提交项信息即可,,,暂不修改,,,,,,,,,,,,,,
181,已发布,10.23版本,,平台SaaS-6001-报表管理-每日游戏报表查询条件异常,,Jay,需求任务已处理,2025-10-22,,,,,,,,,Carey,,,,2025-10-22
182,已发布,快速迭代,,部分报表需要增加排序字段,,Porter,需求任务已处理,2025-10-23,Erde,开发完成,,,Owen,开发完成,,,Marina,测试完成,,,2025-10-28
183,已发布,,,RA9-需求前台注册提示,,,,,Seven,开发完成,,,,,,,Marina,测试完成,,,2025-10-23
184,已发布,快速迭代,,ARUPI收银台页面样式调整,,Jay,需求任务已处理,2025-10-23,Peggy,开发完成,,,不需要,,,,Michael,测试完成,,,2025-10-25
185,已发布,快速迭代,,数据分析/分包分析总览字段公式调整,,Jay,需求任务已处理,2025-10-23,Darrel,开发完成,,,Owen,,,,vivi,测试完成,2025-10-24,2025-10-24,2025-10-25
186,已发布,快速迭代,,ARUPI已有订单弹窗逻辑调整,,Jay,需求任务已处理,2025-10-24,Erde,开发完成,,,Len,开发完成,,,Michael,测试完成,,,2025-10-25
187,已发布,快速迭代,,"6001-RA9-印度 维护群
充值通道 - 充值大类（添加多选类型）",,Jay,需求任务已处理,2025-10-28,Justin,开发完成,,,Gavin,开发完成,,,Marina,测试完成,,,2025-10-30
188,暂不处理,,,"运营要求 工单替换文字内容： Submit bug reports
Possibility to get  bonus ",其他问题里的默认文字调整下,Jay,暂不修改,2025-10-24,,,,,不需要,,,,Marina,,,,
189,已发布,快速迭代,,6001-RA9-后台充值通道信息复制优化,,Jay,需求任务已处理,2025-10-25,Darrel,开发完成,,,Gavin,开发完成,,,Marina,测试完成,,,2025-10-30
190,暂不处理,,,"运营要求:将所有的活动增加可配置 同IP限制 以及 同设备ID限制，当设备超出配置的次数则无法参与活动 , 提示 : 您的账号不符合领取奖金条件)",,,暂不修改,,,,,,,,,,,,,,
191,已发布,快速迭代,,"运营需求：提现锁定
提现出款添加显示三方代付多次    每一次回调记录  都记录一下  可查询
这样好溯源问题，提升效率",,Porter,需求任务已处理,2025-10-24,Erde,开发完成,,,不需要,,,,Marina,测试完成,,,2025-10-28
192,暂不处理,,优化落地页配置流程,把Facebook像素归因、服务端埋点记录明细、渠道来源管理、落地页管理、应用打包管理，这五项整合起来形成一个新的功能，方便后续作业操作。,运营,Jay,暂不修改,,,,,,,,,,,,,,
193,已发布,快速迭代,,后台增加站点SEO配置,,Jay,需求任务已处理,2025-10-24,Seven,开发完成,,,Owen,开发完成,,,Michael,测试完成,,,2025-10-28
194,已发布,快速迭代,,弹窗强弹及相关功能优化,,Jay,需求任务已处理,2025-10-24,"Darrel, Justin",开发完成,,,Owen,,,,Michael,测试完成,,,2025-11-1
195,已发布,快速迭代,,充值页面没有更新余额问题修复,,Jay,需求任务已处理,2025-10-25,Peggy,开发完成,,,不需要,,,,Marina,测试完成,,,2025-10-28
196,已发布,快速迭代,,"6001-RA9-印度 维护群
会员列表--需要添加：注册设备、注册IP",,Jay,需求任务已处理,2025-10-28,Darrel,开发完成,,,andy,开发完成,,,Marina,测试完成,,,2025-10-31
197,已发布,快速迭代,,ARUPI充值接口更换数据加密以及部分接口调整,,Jay,需求任务已处理,2025-10-25,Peggy,开发完成,,,Len,开发完成,,,Michael,测试完成,,,2025-10-28
198,已发布,快速迭代,,会员详情备注信息用红色加粗显示,,Jay,需求任务已处理,2025-10-25,Erde,开发完成,,,不需要,,,,vivi,测试完成,,,2025-10-28
199,已发布,快速迭代,,充值大类下拉数据带上前台显示名称,,Jay,需求任务已处理,2025-10-25,Justin,开发完成,,,Gavin,开发完成,,,Marina,测试完成,,,2025-10-30
200,已发布,快速迭代,,关闭自动注册配套调整,非常紧急,Jay,需求任务已处理,2025-10-30,atman,,,,,,,,Michael,,,,2025-10-30
201,已发布,快速迭代,,轮播图&定制化轮播图&活动咨询&定制化弹窗等位置处关于充值条件的目标合并,非常紧急,Jay,需求任务已处理,2025-10-30,Darrel,开发完成,,,Owen,开发完成,,,vivi,测试完成,,,2025-11-3
202,已发布,快速迭代,,邀请转盘分享界面的修改&活动,非常紧急,Jay,需求任务已处理,2025-10-31,"Justin, Erde",开发完成,,,Damon,开发完成,,,Marina,测试完成,,,2025-11-7
203,已发布,快速迭代,,"6001-RA9-印度 维护群
运营要求把注册页面的OTP Login的颜色改成和右侧的忘记密码一样的颜色和字体。底部的一条竖线需要处理",,Jay,需求任务已处理,2025-10-30,atman,开发完成,,,不需要,,,,Michael,测试完成,,,2025-11-1
204,已发布,快速迭代,,关闭自动注册对应处理运营需求整合版,,Jay,需求任务已处理,2025-10-31,"atman, Seven",开发完成,,,"Len, Owen",,,,Michael,测试完成,,,2025-11-1
205,已发布,快速迭代,,数据分析总览底部增加均值和总计,,Jay,需求任务已处理,2025-11-03,atman,开发完成,,,Owen,开发完成,,,Marina,测试完成,,,2025-11-7
206,已发布,快速迭代,,在PWA&APP中所有三方游戏厂商进行游戏的需要保持顶部栏,,Jay,需求任务已处理,2025-11-03,"atman, June",开发完成,,,,,,,vivi,测试完成,,,2025-11-7
207,已发布,快速迭代,,通用消息-定制化弹窗增加查询条件,,Jay,需求任务已处理,2025-11-03,Darrel,开发完成,,,Owen,开发完成,,,vivi,测试完成,,,2025-11-7
208,已发布,快速迭代,,优化显示内容（要求一个单词不要分两行进行显示，例如：already前台显示就分了两行）,,Jay,需求任务已处理,2025-11-04,atman,开发完成,,,,,,,vivi,测试完成,,,2025-11-12
209,已发布,快速迭代,,去除前台（访客登录未启用）提示语,,Jay,需求任务已处理,2025-11-04,atman,开发完成,,,,,,,vivi,,,,2025-11-4
210,已发布,快速迭代,,增加一个未登录用户的弹窗,,Jay,需求任务已处理,2025-11-04,Darrel,开发完成,,,Owen,开发完成,,,Michael,测试完成,,,2025-11-15
211,已发布,,,运营反馈：前台提交工单需要上传图片的位置，三个上传图片的位置点击均没有反应，麻烦处理一下 ,,,需开发排查,,,,,,,,,,vivi,测试完成,,,2025-11-5
212,已发布,快速迭代,,"6001-RA9-印度 维护群
运营要求把前台站内信彩金消息里面的Money改成Cash",,Jay,需求任务已处理,2025-11-05,atman,开发完成,,,,,,,vivi,测试完成,,,2025-11-7
213,已发布,快速迭代,,ARUPI收银台调整,,Jay,需求任务已处理,2025-11-05,Justin,开发完成,,,不需要,,,,Michael,测试完成,,,2025-11-15
214,已发布,快速迭代,,优化修复token过期后导致余额等不能正常显示的问题,,Jay,需求任务已处理,2025-11-05,Erde,开发完成,,,,,,,vivi,测试完成,,,2025-11-7
215,已发布,快速迭代,,"6001-RA9-印度 维护群
运营反馈未登录前 转盘整体画质模糊，需要进行优化（如下对比图）
优化转盘清晰度",,Jay,需求任务已处理,2025-11-10,Seven,开发完成,,,,,,,Carey,测试完成,,,2025-11-15
216,已发布,快速迭代,,"6001-RA9-印度 维护群
APK包的封面图需要换一版更有质感的，符合版面风格的。",UI设计运营已确认,Jay,需求任务已处理,2025-11-18,June,开发完成,,,,,,,vivi,测试完成,,,2025-12-11
217,已发布,快速迭代,,"6001-RA9-印度 维护群
运营需求菜单栏里VIP的黄色框这块需要UI优化一下，需要设计得更加精美尊贵感，目前的没有VIP的感觉，显示VIP等级的图标也要美化一下，整体要和VIP活动界面风格匹配",UI设计已完成,Porter,需求任务已处理,2025-11-11,Justin,开发完成,,,,,,,Carey,测试完成,,,2025-11-15
218,已发布,快速迭代,,"6001-RA9-印度 维护群
APK包，32和64位的，去掉需要手动登录提示框",,Jay,需求任务已处理,2025-11-10,atman,开发完成,,,,,,,Carey,测试完成,,,2025-11-15
219,已发布,快速迭代,,"6001-RA9-印度 维护群
登陆注册调整",登陆注册流程完整调整,Brand,需求任务已处理,2025-11-10,"atman, Erde",开发中,,,Owen,开发完成,,,"Michael, Carey",测试完成,,,2025-11-15
220,已发布,快速迭代,,"6001-RA9-印度 维护群
推送通知的权限允许---无论是否有登录 ----需求刚打开APP就弹出来",UI链接在需求内,Jay,需求任务已处理,2025-11-10,June,开发完成,,,,,,,vivi,测试完成,,,2025-12-11
221,已发布,,,"6001-RA9-印度 维护群
APK包侧边滑动条优化（右侧有一条缝隙，需要去除）
测试使用机型;三星S21",测试确认中,Jay,,,June,开发完成,,,,,,,Carey,测试完成,,,2025-11-12
222,已发布,快速迭代,,运营反馈后台“充值订单”页面的列间距不能缩小，运营希望能够自由调整,,Porter,需求任务已处理,2025-11-10,Justin,开发完成,,,,,,,Carey,测试完成,,,2025-11-15
223,已发布,,,"6001-RA9-印度 维护群
前台显示优化（首页游戏分类上下滑有一条黑线，需要去掉）
测试使用机型：iPhone 12",测试确认中,Jay,,,June,开发完成,,,,,,,Carey,测试完成,,,2025-11-12
224,已发布,快速迭代,,首页浮窗设置，列表增加生效时间、跳转类型,,Porter,需求任务已处理,2025-11-10,Justin,开发完成,,,不需要,,,,Marina,测试完成,,,2025-11-15
225,已发布,快速迭代,,前台首页 充值按钮增加 充值赠送彩金 金额提示,,Porter,需求任务已处理,2025-11-11,Justin,开发完成,,,Damon,开发完成,,,Marina,测试完成,,,2025-11-15
226,已发布,快速迭代,,三方游戏统一上维护&厂商及游戏维护状态显示,,Jay,需求任务已处理,2025-11-13,Darrel,开发完成,,,Owen,开发完成,,,Carey,测试完成,,,2025-12-19
227,暂不处理,,,运营反馈有时候PWA包上方会显现域名，运营希望将域名给隐藏,,,,,,,,,,,,,,,,,
228,已发布,快速迭代,,前台-首页-充值，充值按钮增加 首充、次充、三充赠送彩金提示（Max修改成 Bonus） ,直接改文案,Porter,需求任务已处理,2025-11-15,,,,,,,,,Marina,测试完成,,,2025-11-15
229,已发布,快速迭代,,前台-首页-浮窗（浮窗现在是登陆才看得到，未登录看不到，改成不管有没有登陆都看得到） ,去掉登录校验的逻辑,Porter,需求任务已处理,2025-11-15,atman,开发完成,,,Gavin,开发完成,,,Marina,测试完成,,,2025-11-26
230,已发布,快速迭代,,后台-首页浮窗配置，去掉图片尺寸大小限制，只保留1:1的比例和3M的限制（后台文案要改）,后台文案要改,Porter,需求任务已处理,2025-11-15,,,,,,,,,Marina,测试完成,,,2025-11-15
231,已发布,快速迭代,,首页加载黑屏问题优化,,Jay,需求任务已处理,2025-11-15,,,,,,,,,Carey,测试完成,,,2025-11-15
232,已发布,快速迭代,,调整未注册用户点击Home回到首页,,Jay,需求任务已处理,2025-11-15,,,,,,,,,Carey,测试完成,,,2025-11-17
233,已发布,快速迭代,,代理返佣配置是否自动领取,,Jay,需求任务已处理,2025-11-15,Erde,开发完成,,,Len,开发完成,,,Michael,测试完成,,,
234,已发布,快速迭代,,FIREBASE统计增加基础字段,,Jay,需求任务已处理,2025-11-20,June,开发完成,,,Gavin,开发完成,,,vivi,测试完成,,,2025-12-11
235,已发布,快速迭代,,手动领取模式下代理佣金领取强引导,,Jay,需求任务已处理,2025-11-21,Erde,开发完成,,,Len,开发完成,,,Michael,测试完成,,,2025-12-11
236,已发布,快速迭代,,后台操作ARgame余额可回收到平台,,Jay,需求任务已处理,2025-11-21,不需要前端,,,,Gavin,开发完成,,,Carey,测试完成,,,2025-11-26
237,已发布,快速迭代,,SAAS后台部分报表样式优化,,Porter,需求任务已处理,2025-11-22,Erde,开发完成,,,Owen,开发完成,,,Marina,测试完成,,,2025-11-26
238,已发布,快速迭代,,游客退出逻辑调整,,Jay,需求任务已处理,2025-11-24,Justin,开发完成,,,Owen,开发完成,,,vivi,测试完成,,,2025-12-3
239,已发布,快速迭代,,游戏厂商管理及子游戏管理分类配置优化,,Brand,需求任务已处理,2025-11-27,Darrel,开发完成,,,Owen,开发完成,,,Marina,测试完成,,,2025-12-3
240,已发布,快速迭代,,热门游戏配置内容调整,,Jay,需求任务已处理,2025-11-28,Darrel,开发完成,,,Owen,开发完成,,,Marina,测试完成,,,2025-12-3
241,已发布,快速迭代,,saas后台部分查询条件优化,,Brand,需求任务已处理,2025-11-29,atman,开发完成,,,Len,开发完成,,,Marina,测试完成,,,2025-12-19
242,已发布,快速迭代,活动管理,新活动【每日签到】,,Porter,需求任务已处理,2025-12-04,atman,开发完成,,,vance,开发完成,,,Carey,测试完成,2025-12-15,2025-12-29,2025-12-31
243,已发布,快速迭代,活动管理,【活动中心】改造,,Porter,需求任务已处理,2025-12-12,"Erde, Justin",开发完成,,,Owen,开发完成,,,Michael,测试完成,,,2025-12-31
244,已发布,快速迭代,活动管理,新活动（每日每周任务）,,Brand,需求任务已处理,2025-12-04,"Justin, Erde",开发完成,,,"Owen, alan",开发完成,,,vivi,测试完成,2025-12-12,2025-12-29,2025-12-31
245,已发布,,,商户后台新账号二维码扫描信息调整,,Jay,需求任务已处理,2025-12-05,Erde,开发完成,,,Owen,开发完成,,,Marina,测试完成,,,2025-12-6
246,已发布,快速迭代,,极光推送对接,,Jay,需求任务已处理,2025-12-06,June,开发完成,,,Len,开发完成,,,Michael,测试完成,2025-12-19,2025-12-31,2026-01-07
247,已发布,快速迭代,,优惠券功能调整,,Jay,需求任务已处理,2025-12-06,June,开发完成,,,Gavin,开发完成,,,Marina,测试完成,,,2025-12-19
248,已发布,快速迭代,,游戏排序功能调整,,Jay,需求任务已处理,2025-12-08,Darrel,开发完成,,,Gavin,开发完成,,,Carey,测试完成,,,2025-12-19
249,已发布,快速迭代,运营管理,后台消息管理，部分页面列表字段调整,,Porter,需求任务已处理,2025-12-08,Erde,开发完成,,,不需要,,,,vivi,测试完成,,,2025-12-11
250,已发布,快速迭代,,新版面洗码功能,,Jay,需求任务已处理,2025-12-09,Peggy,开发完成,,,Len,开发完成,,,vivi,测试完成,,,2025-12-23
251,已发布,快速迭代,,新版面超级大奖界面,,Jay,需求任务已处理,2025-12-10,Erde,开发完成,,,Owen,开发完成,,,Michael,测试完成,,,2025-12-19
252,已发布,快速迭代,,周月卡功能,,Jay,需求任务已处理,2025-12-13,Justin,开发完成,,,"Len, alan",开发完成,,,Marina,测试完成,2025-12-24,2025-12-29,2025-12-31
253,已发布,快速迭代,,新版面锦标赛界面,,Jay,需求任务已处理,2025-12-17,Alex,开发完成,,,,,,,Michael,测试完成,,,2025-12-25
254,已发布,快速迭代,报表管理,新增两张报表（每日用户数据、多日用户数据）,,Brand,需求任务已处理,2025-12-16,Darrel,开发完成,,,vance,开发完成,,,Marina,测试完成,,,2025-12-25
255,已发布,快速迭代,活动管理,活动资讯，新增富文本（不跳转）类型,产品验收完成，等待发版,Porter,需求任务已处理,2025-12-16,Erde,开发完成,,,Owen,开发完成,,,Michael,测试完成,,,2025-12-19
256,已发布,快速迭代,,增加游戏厂商及子游戏映射功能,,Jay,需求任务已处理,2025-12-16,Seven,开发完成,,,Gavin,开发完成,,,Carey,测试完成,,,2025-12-19
257,已发布,快速迭代,,ARUPI支付加入对方返回得快捷金额处理,,Jay,需求任务已处理,2025-12-16,Peggy,开发完成,,,Len,开发完成,,,Michael,测试完成,,,2025-12-19
258,已发布,快速迭代,,充提通道新增方式调整,,Jay,需求任务已处理,2025-12-19,Justin,开发完成,,,Owen,开发完成,,,Marina,测试完成,,,2025-12-22
259,已发布,快速迭代,,经典充值模式首二三充专属优惠配置,,Jay,需求任务已处理,2025-12-20,June,开发完成,,,"Owen, Gavin",开发完成,,,vivi,测试完成,,,2025-12-25
260,已发布,快速迭代,活动管理,富文本不跳转 支持图片自适应,,Porter,需求任务已处理,2025-12-22,Erde,开发完成,,,,,,,Michael,测试完成,,,2025-12-23
261,已发布,快速迭代,,增加任务完成数量的角标展示,,Brand,需求任务已处理,2025-12-22,Justin,开发完成,,,Owen,开发完成,,,vivi,测试完成,,,2025-12-31
262,已发布,,活动管理,活动中心改造  二期,UI图已出，可开发,Porter,需求任务已处理,2025-12-22,Justin,开发完成,,,Owen,开发完成,,,Michael,测试完成,,,2025-12-31
263,已发布,快速迭代,,会员组合标签,,Jay,需求任务已处理,2025-12-22,June,开发完成,,,vance,开发完成,,,Marina,测试完成,2025-12-28,2026-1-2,2026-01-07
264,已发布,快速迭代,,前端两项内容调整,,Jay,需求任务已处理,2025-12-23,Erde,开发完成,,,,,,,Carey,测试完成,,,2025-12-23
265,已发布,快速迭代,,游戏映射相关调整,,Jay,需求任务已处理,2025-12-23,"Seven, Peggy",开发完成,,,Gavin,开发完成,,,Carey,测试完成,,,2025-12-25
266,-,快速迭代,,92版面Saas化,,Jay,需求任务已处理,2025-12-23,Erde,开发完成,,,Gavin,开发完成,,,"vivi, Carey",测试完成,2025-12-23,2026-1-2,
267,已发布,快速迭代,,VIP配置处洗码需要支持设置小数点后两位,,Jay,需求任务已处理,2025-12-24,Justin,开发完成,,,,,,,Marina,测试完成,,,2025-12-25
268,,,,6003-AR777 需求：注册方式与短信配置逻辑优化,已出图，可以进行开发,Brand,需求任务已处理,2025-12-24,"Erde, Seven",开发中,,,Owen,开发完成,,,vivi,,,,
269,已发布,快速迭代,,充值转盘显示方式和RA9保持一致,,Jay,需求任务已处理,2025-12-24,Seven,开发完成,,,不需要,,,,Carey,测试完成,,,2025-12-26
270,已发布,快速迭代,,亏损救援金-活动标题展示优化,UI图已出，可安排开发,Porter,需求任务已处理,2025-12-24,Erde,开发完成,,,,,,,Michael,测试完成,,,2025-12-25
271,已发布,快速迭代,,首页浮窗增加  弱打扰功能,,Porter,需求任务已处理,2025-12-24,Erde,开发完成,,,不需要,,,,Marina,测试完成,,,2025-12-26
272,已发布,快速迭代,,经典模式充值ARUPI快捷金额使用调整,,Jay,需求任务已处理,2025-12-25,Peggy,开发完成,,,Len,开发完成,,,Michael,测试完成,,,2025-12-26
273,已发布,快速迭代,,邀请转盘满足提现时的弹窗逻辑优化,可直接开发,Porter,需求任务已处理,2025-12-25,Seven,开发完成,,,不需要,,,,Carey,测试完成,,,2025-12-26
274,已发布,快速迭代,,VIP界面0的显示处理,,Jay,需求任务已处理,2025-12-25,Darrel,开发完成,,,不需要,,,,Carey,测试完成,,,2025-12-27
275,已发布,快速迭代,,运营要求VIP需要展示出提现手续费率,,Jay,需求任务已处理,2025-12-26,,,,,Owen,开发完成,,,Carey,测试完成,,,2025-12-27
276,已发布,快速迭代,,提现页面调整明确展示提现手续费,,Jay,需求任务已处理,2025-12-26,Erde,开发完成,,,Owen,开发完成,,,Marina,测试完成,,,2025-12-26
277,已发布,快速迭代,,每日每周优化需求,,Brand,需求任务已处理,2025-12-27,Erde,开发完成,,,Owen,,,,vivi,测试完成,2025-12-29,2025-12-29,2025-12-31
278,已发布,快速迭代,,充值教程视频展示增加判断,,Jay,需求任务已处理,2025-12-31,Justin,开发完成,,,,,,,Marina,测试完成,2025-12-31,2025-12-31,2025-12-31
279,已发布,快速迭代,活动管理-亏损救援金,亏损救援金-活动配置-选择子游戏增加全部选项,可直接开发,Porter,需求任务已处理,2025-12-31,Justin,开发完成,,,,,,,Michael,测试完成,,,2026-1-7
280,SIT已更新,,前台-活动中心,前台-活动中心 改造 三期,可直接开发,Porter,需求任务已处理,2026-01-01,Justin,开发完成,,,Owen,开发完成,,,Michael,系统测试,,,
281,,快速迭代,,充值礼包新增目标用户,,Jay,需求任务已处理,2026-01-02,Erde,开发完成,,,Owen,开发完成,,,Marina,系统测试,,,
282,SIT已更新,快速迭代,活动管理-亏损救援金,亏损救援金-前端代码优化+二期优化,已提测，测试可介入,Porter,需求任务已处理,2026-01-02,"Alex, Erde",开发完成,,,,,,,Michael,测试完成,,,
283,,快速迭代,活动管理-每日签到,每日签到-前端代码优化,开发中,Porter,需求任务已处理,2026-01-02,Alex,开发完成,,,,,,,Carey,系统测试,,,
284,SIT已更新,快速迭代,活动中心,活动中心增加 开启消息推送 引导功能,可开发,Porter,需求任务已处理,2026-01-05,Justin,开发完成,,,Owen,开发完成,,,Michael,测试准备中,,,
285,,快速迭代,,优惠券前端代码优化+BUG修复,,Jay,需求任务已处理,2026-01-02,Alex,开发中,,,,,,,Marina,,,,
286,,快速迭代,,新版CF功能改造,,Jay,需求任务已处理,2026-01-05,Darrel,联调,,,"vance, alan",,,,Michael,,,,
287,,,活动中心,前台-活动中心 入口排序优化,产品方案需调整,Porter,需求处理中,2026-01-06,,,,,,,,,Michael,,,,
288,,,,,,,,,,,,,,,,,,,,,
289,,,,,,,,,,,,,,,,,,,,,
290,,,,,,,,,,,,,,,,,,,,,
291,,,,,,,,,,,,,,,,,,,,,
292,,,,,,,,,,,,,,,,,,,,,
293,,,,,,,,,,,,,,,,,,,,,
294,,,,,,,,,,,,,,,,,,,,,
295,,,,,,,,,,,,,,,,,,,,,
296,,,,,,,,,,,,,,,,,,,,,
297,,,,,,,,,,,,,,,,,,,,,
298,,,,,,,,,,,,,,,,,,,,,
299,,,,,,,,,,,,,,,,,,,,,
300,,,,,,,,,,,,,,,,,,,,,
301,,,,,,,,,,,,,,,,,,,,,
302,,,,,,,,,,,,,,,,,,,,,
303,,,,,,,,,,,,,,,,,,,,,
304,,,,,,,,,,,,,,,,,,,,,
305,,,,,,,,,,,,,,,,,,,,,
306,,,,,,,,,,,,,,,,,,,,,
307,,,,,,,,,,,,,,,,,,,,,
308,,,,,,,,,,,,,,,,,,,,,
309,,,,,,,,,,,,,,,,,,,,,
310,,,,,,,,,,,,,,,,,,,,,
311,,,,,,,,,,,,,,,,,,,,,
312,,,,,,,,,,,,,,,,,,,,,
313,,,,,,,,,,,,,,,,,,,,,
314,,,,,,,,,,,,,,,,,,,,,
315,,,,,,,,,,,,,,,,,,,,,
316,,,,,,,,,,,,,,,,,,,,,
317,,,,,,,,,,,,,,,,,,,,,
318,,,,,,,,,,,,,,,,,,,,,
319,,,,,,,,,,,,,,,,,,,,,
320,,,,,,,,,,,,,,,,,,,,,
321,,,,,,,,,,,,,,,,,,,,,
322,,,,,,,,,,,,,,,,,,,,,
323,,,,,,,,,,,,,,,,,,,,,
324,,,,,,,,,,,,,,,,,,,,,
325,,,,,,,,,,,,,,,,,,,,,
326,,,,,,,,,,,,,,,,,,,,,
327,,,,,,,,,,,,,,,,,,,,,
328,,,,,,,,,,,,,,,,,,,,,
329,,,,,,,,,,,,,,,,,,,,,
330,,,,,,,,,,,,,,,,,,,,,
331,,,,,,,,,,,,,,,,,,,,,
332,,,,,,,,,,,,,,,,,,,,,
333,,,,,,,,,,,,,,,,,,,,,
334,,,,,,,,,,,,,,,,,,,,,
335,,,,,,,,,,,,,,,,,,,,,
336,,,,,,,,,,,,,,,,,,,,,
337,,,,,,,,,,,,,,,,,,,,,
338,,,,,,,,,,,,,,,,,,,,,
339,,,,,,,,,,,,,,,,,,,,,
340,,,,,,,,,,,,,,,,,,,,,
341,,,,,,,,,,,,,,,,,,,,,
342,,,,,,,,,,,,,,,,,,,,,
343,,,,,,,,,,,,,,,,,,,,,
344,,,,,,,,,,,,,,,,,,,,,
345,,,,,,,,,,,,,,,,,,,,,
346,,,,,,,,,,,,,,,,,,,,,
347,,,,,,,,,,,,,,,,,,,,,
348,,,,,,,,,,,,,,,,,,,,,
349,,,,,,,,,,,,,,,,,,,,,
350,,,,,,,,,,,,,,,,,,,,,
351,,,,,,,,,,,,,,,,,,,,,
352,,,,,,,,,,,,,,,,,,,,,
353,,,,,,,,,,,,,,,,,,,,,
354,,,,,,,,,,,,,,,,,,,,,
355,,,,,,,,,,,,,,,,,,,,,
356,,,,,,,,,,,,,,,,,,,,,
357,,,,,,,,,,,,,,,,,,,,,
358,,,,,,,,,,,,,,,,,,,,,
359,,,,,,,,,,,,,,,,,,,,,
360,,,,,,,,,,,,,,,,,,,,,
361,,,,,,,,,,,,,,,,,,,,,
362,,,,,,,,,,,,,,,,,,,,,
363,,,,,,,,,,,,,,,,,,,,,
364,,,,,,,,,,,,,,,,,,,,,
365,,,,,,,,,,,,,,,,,,,,,
366,,,,,,,,,,,,,,,,,,,,,
367,,,,,,,,,,,,,,,,,,,,,
368,,,,,,,,,,,,,,,,,,,,,
369,,,,,,,,,,,,,,,,,,,,,
370,,,,,,,,,,,,,,,,,,,,,
371,,,,,,,,,,,,,,,,,,,,,
372,,,,,,,,,,,,,,,,,,,,,
373,,,,,,,,,,,,,,,,,,,,,
374,,,,,,,,,,,,,,,,,,,,,
375,,,,,,,,,,,,,,,,,,,,,
376,,,,,,,,,,,,,,,,,,,,,
377,,,,,,,,,,,,,,,,,,,,,
378,,,,,,,,,,,,,,,,,,,,,
379,,,,,,,,,,,,,,,,,,,,,
380,,,,,,,,,,,,,,,,,,,,,
381,,,,,,,,,,,,,,,,,,,,,
382,,,,,,,,,,,,,,,,,,,,,
383,,,,,,,,,,,,,,,,,,,,,
384,,,,,,,,,,,,,,,,,,,,,
385,,,,,,,,,,,,,,,,,,,,,
386,,,,,,,,,,,,,,,,,,,,,
387,,,,,,,,,,,,,,,,,,,,,
388,,,,,,,,,,,,,,,,,,,,,
389,,,,,,,,,,,,,,,,,,,,,
390,,,,,,,,,,,,,,,,,,,,,
391,,,,,,,,,,,,,,,,,,,,,
392,,,,,,,,,,,,,,,,,,,,,
393,,,,,,,,,,,,,,,,,,,,,
394,,,,,,,,,,,,,,,,,,,,,
395,,,,,,,,,,,,,,,,,,,,,
396,,,,,,,,,,,,,,,,,,,,,
397,,,,,,,,,,,,,,,,,,,,,
398,,,,,,,,,,,,,,,,,,,,,
399,,,,,,,,,,,,,,,,,,,,,
400,,,,,,,,,,,,,,,,,,,,,
401,,,,,,,,,,,,,,,,,,,,,
402,,,,,,,,,,,,,,,,,,,,,
403,,,,,,,,,,,,,,,,,,,,,
404,,,,,,,,,,,,,,,,,,,,,
405,,,,,,,,,,,,,,,,,,,,,
406,,,,,,,,,,,,,,,,,,,,,
407,,,,,,,,,,,,,,,,,,,,,
408,,,,,,,,,,,,,,,,,,,,,
409,,,,,,,,,,,,,,,,,,,,,
410,,,,,,,,,,,,,,,,,,,,,
411,,,,,,,,,,,,,,,,,,,,,
412,,,,,,,,,,,,,,,,,,,,,
413,,,,,,,,,,,,,,,,,,,,,
414,,,,,,,,,,,,,,,,,,,,,
415,,,,,,,,,,,,,,,,,,,,,
416,,,,,,,,,,,,,,,,,,,,,
417,,,,,,,,,,,,,,,,,,,,,
418,,,,,,,,,,,,,,,,,,,,,
419,,,,,,,,,,,,,,,,,,,,,
420,,,,,,,,,,,,,,,,,,,,,